OPE1;12/04/2024 23:00;12/04/2024 14:00;USER4;TRANSFERENCIA;1;Finalizado
OPE1;12/04/2024 23:00;12/04/2024 14:00;USER1;BIZUM;1;Finalizado
OPE1;12/04/2024 23:00;12/04/2024 10:00;USER3;COMPRA;1;Finalizado
OPE1;12/04/2024 23:00;12/04/2024 01:00;USER1;BIZUM;1;Error
OPE1;12/04/2024 23:00;12/04/2024 14:00;USER2;RETIRADA;1;Error
OPE1;12/04/2024 23:00;12/04/2024 06:00;USER6;RETIRADA;1;Correcto
OPE1;12/04/2024 23:00;12/04/2024 23:00;USER5;RETIRADA;1;Correcto
OPE1;12/04/2024 23:00;12/04/2024 03:00;USER1;TRANSFERENCIA;1;Correcto
OPE1;12/04/2024 23:00;12/04/2024 10:00;USER10;COMPRA;1;Error
OPE1;12/04/2024 23:00;12/04/2024 14:00;USER4;BIZUM;1;Error
OPE1;12/04/2024 23:00;12/04/2024 06:00;USER9;COMPRA;1;Error
OPE1;12/04/2024 23:00;12/04/2024 12:00;USER4;RETIRADA;1;Error
OPE1;12/04/2024 23:00;12/04/2024 08:00;USER6;BIZUM;1;Finalizado
OPE1;12/04/2024 23:00;12/04/2024 05:00;USER3;TRANSFERENCIA;1;Finalizado
OPE1;12/04/2024 23:00;12/04/2024 21:00;USER1;TRANSFERENCIA;1;Correcto
OPE1;12/04/2024 23:00;12/04/2024 17:00;USER1;COMPRA;1;Correcto
OPE1;12/04/2024 23:00;12/04/2024 17:00;USER9;RETIRADA;1;Correcto
OPE1;12/04/2024 23:00;12/04/2024 02:00;USER4;COMPRA;1;Finalizado
OPE1;12/04/2024 23:00;12/04/2024 07:00;USER7;BIZUM;1;Correcto
OPE2;12/04/2024 23:00;12/04/2024 14:00;USER14;TRANSFERENCIA;2;Finalizado
OPE2;12/04/2024 23:00;12/04/2024 14:00;USER11;BIZUM;2;Finalizado
OPE2;12/04/2024 23:00;12/04/2024 10:00;USER13;COMPRA;2;Finalizado
OPE2;12/04/2024 23:00;12/04/2024 01:00;USER11;BIZUM;2;Error
OPE2;12/04/2024 23:00;12/04/2024 14:00;USER12;RETIRADA;2;Error
OPE2;12/04/2024 23:00;12/04/2024 06:00;USER16;RETIRADA;2;Correcto
OPE2;12/04/2024 23:00;12/04/2024 23:00;USER15;RETIRADA;2;Correcto
OPE2;12/04/2024 23:00;12/04/2024 03:00;USER11;TRANSFERENCIA;2;Correcto
OPE2;12/04/2024 23:00;12/04/2024 10:00;USER20;COMPRA;2;Error
OPE2;12/04/2024 23:00;12/04/2024 14:00;USER14;BIZUM;2;Error
OPE2;12/04/2024 23:00;12/04/2024 06:00;USER19;COMPRA;2;Error
OPE2;12/04/2024 23:00;12/04/2024 12:00;USER14;RETIRADA;2;Error
OPE2;12/04/2024 23:00;12/04/2024 08:00;USER16;BIZUM;2;Finalizado
OPE2;12/04/2024 23:00;12/04/2024 05:00;USER13;TRANSFERENCIA;2;Finalizado
OPE2;12/04/2024 23:00;12/04/2024 21:00;USER11;TRANSFERENCIA;2;Correcto
OPE2;12/04/2024 23:00;12/04/2024 17:00;USER11;COMPRA;2;Correcto
OPE2;12/04/2024 23:00;12/04/2024 17:00;USER19;RETIRADA;2;Correcto
OPE2;12/04/2024 23:00;12/04/2024 02:00;USER14;COMPRA;2;Finalizado
OPE2;12/04/2024 23:00;12/04/2024 07:00;USER17;BIZUM;2;Correcto
OPE3;12/04/2024 23:00;12/04/2024 14:00;USER24;TRANSFERENCIA;3;Finalizado
OPE3;12/04/2024 23:00;12/04/2024 14:00;USER21;BIZUM;3;Finalizado
OPE3;12/04/2024 23:00;12/04/2024 10:00;USER23;COMPRA;3;Finalizado
OPE3;12/04/2024 23:00;12/04/2024 01:00;USER21;BIZUM;3;Error
OPE3;12/04/2024 23:00;12/04/2024 14:00;USER22;RETIRADA;3;Error
OPE3;12/04/2024 23:00;12/04/2024 06:00;USER26;RETIRADA;3;Correcto
OPE3;12/04/2024 23:00;12/04/2024 23:00;USER25;RETIRADA;3;Correcto
OPE3;12/04/2024 23:00;12/04/2024 03:00;USER21;TRANSFERENCIA;3;Correcto
OPE3;12/04/2024 23:00;12/04/2024 10:00;USER30;COMPRA;3;Error
OPE3;12/04/2024 23:00;12/04/2024 14:00;USER24;BIZUM;3;Error
OPE3;12/04/2024 23:00;12/04/2024 06:00;USER29;COMPRA;3;Error
OPE3;12/04/2024 23:00;12/04/2024 12:00;USER24;RETIRADA;3;Error
OPE3;12/04/2024 23:00;12/04/2024 08:00;USER26;BIZUM;3;Finalizado
OPE3;12/04/2024 23:00;12/04/2024 05:00;USER23;TRANSFERENCIA;3;Finalizado
OPE3;12/04/2024 23:00;12/04/2024 21:00;USER21;TRANSFERENCIA;3;Correcto
OPE3;12/04/2024 23:00;12/04/2024 17:00;USER21;COMPRA;3;Correcto
OPE3;12/04/2024 23:00;12/04/2024 17:00;USER29;RETIRADA;3;Correcto
OPE3;12/04/2024 23:00;12/04/2024 02:00;USER24;COMPRA;3;Finalizado
OPE3;12/04/2024 23:00;12/04/2024 07:00;USER27;BIZUM;3;Correcto
OPE4;12/04/2024 23:00;12/04/2024 14:00;USER34;TRANSFERENCIA;4;Finalizado
OPE4;12/04/2024 23:00;12/04/2024 14:00;USER31;BIZUM;4;Finalizado
OPE4;12/04/2024 23:00;12/04/2024 10:00;USER33;COMPRA;4;Finalizado
OPE4;12/04/2024 23:00;12/04/2024 01:00;USER31;BIZUM;4;Error
OPE4;12/04/2024 23:00;12/04/2024 14:00;USER32;RETIRADA;4;Error
OPE4;12/04/2024 23:00;12/04/2024 06:00;USER36;RETIRADA;4;Correcto
OPE4;12/04/2024 23:00;12/04/2024 23:00;USER35;RETIRADA;4;Correcto
OPE4;12/04/2024 23:00;12/04/2024 03:00;USER31;TRANSFERENCIA;4;Correcto
OPE4;12/04/2024 23:00;12/04/2024 10:00;USER40;COMPRA;4;Error
OPE4;12/04/2024 23:00;12/04/2024 14:00;USER34;BIZUM;4;Error
OPE4;12/04/2024 23:00;12/04/2024 06:00;USER39;COMPRA;4;Error
OPE4;12/04/2024 23:00;12/04/2024 12:00;USER34;RETIRADA;4;Error
OPE4;12/04/2024 23:00;12/04/2024 08:00;USER36;BIZUM;4;Finalizado
OPE4;12/04/2024 23:00;12/04/2024 05:00;USER33;TRANSFERENCIA;4;Finalizado
OPE4;12/04/2024 23:00;12/04/2024 21:00;USER31;TRANSFERENCIA;4;Correcto
OPE4;12/04/2024 23:00;12/04/2024 17:00;USER31;COMPRA;4;Correcto
OPE4;12/04/2024 23:00;12/04/2024 17:00;USER39;RETIRADA;4;Correcto
OPE4;12/04/2024 23:00;12/04/2024 02:00;USER34;COMPRA;4;Finalizado
OPE4;12/04/2024 23:00;12/04/2024 07:00;USER37;BIZUM;4;Correcto
